-- phpMyAdmin SQL Dump
-- version 4.7.4
-- https://www.phpmyadmin.net/
--
-- Hôte : 127.0.0.1
-- Généré le :  ven. 19 jan. 2018 à 16:16
-- Version du serveur :  10.1.26-MariaDB
-- Version de PHP :  7.1.9

SET SQL_MODE = "NO_AUTO_VALUE_ON_ZERO";
SET AUTOCOMMIT = 0;
START TRANSACTION;
SET time_zone = "+00:00";


/*!40101 SET @OLD_CHARACTER_SET_CLIENT=@@CHARACTER_SET_CLIENT */;
/*!40101 SET @OLD_CHARACTER_SET_RESULTS=@@CHARACTER_SET_RESULTS */;
/*!40101 SET @OLD_COLLATION_CONNECTION=@@COLLATION_CONNECTION */;
/*!40101 SET NAMES utf8mb4 */;

--
-- Base de données :  `nfactoryblog`
--

-- --------------------------------------------------------

--
-- Structure de la table `t_articles`
--

CREATE TABLE `t_articles` (
  `ID_ARTICLE` int(11) NOT NULL,
  `ARTTITRE` varchar(45) COLLATE utf8_unicode_ci NOT NULL,
  `ARTCHAPO` varchar(255) COLLATE utf8_unicode_ci NOT NULL,
  `ARTCONTENU` text COLLATE utf8_unicode_ci NOT NULL,
  `ARTAUTEUR` varchar(45) COLLATE utf8_unicode_ci NOT NULL,
  `ARTDATE` datetime DEFAULT NULL
) ENGINE=InnoDB DEFAULT CHARSET=utf8 COLLATE=utf8_unicode_ci;

--
-- Déchargement des données de la table `t_articles`
--

INSERT INTO `t_articles` (`ID_ARTICLE`, `ARTTITRE`, `ARTCHAPO`, `ARTCONTENU`, `ARTAUTEUR`, `ARTDATE`) VALUES
(53, 'PHP', 'PHP: Hypertext Preprocessor, plus connu sous son sigle PHP.', '&lt;span style=&quot;color: #222222; font-family: sans-serif;&quot;&gt;Le langage PHP fut cr&amp;eacute;&amp;eacute; en&amp;nbsp;&lt;/span&gt;&lt;a style=&quot;text-decoration-line: none; color: #0b0080; background-image: none; background-position: initial; background-size: initial; background-repeat: initial; background-attachment: initial; background-origin: initial; background-clip: initial; font-family: sans-serif;&quot; title=&quot;1994&quot; href=&quot;https://fr.wikipedia.org/wiki/1994&quot;&gt;1994&lt;/a&gt;&lt;span style=&quot;color: #222222; font-family: sans-serif;&quot;&gt;&amp;nbsp;par&amp;nbsp;&lt;/span&gt;&lt;a style=&quot;text-decoration-line: none; color: #0b0080; background-image: none; background-position: initial; background-size: initial; background-repeat: initial; background-attachment: initial; background-origin: initial; background-clip: initial; font-family: sans-serif;&quot; title=&quot;Rasmus Lerdorf&quot; href=&quot;https://fr.wikipedia.org/wiki/Rasmus_Lerdorf&quot;&gt;Rasmus Lerdorf&lt;/a&gt;&lt;span style=&quot;color: #222222; font-family: sans-serif;&quot;&gt;&amp;nbsp;pour son&amp;nbsp;&lt;/span&gt;&lt;a style=&quot;text-decoration-line: none; color: #0b0080; background-image: none; background-position: initial; background-size: initial; background-repeat: initial; background-attachment: initial; background-origin: initial; background-clip: initial; font-family: sans-serif;&quot; title=&quot;Site web&quot; href=&quot;https://fr.wikipedia.org/wiki/Site_web&quot;&gt;site web&lt;/a&gt;&lt;span style=&quot;color: #222222; font-family: sans-serif;&quot;&gt;. C\'&amp;eacute;tait &amp;agrave; l\'origine une&amp;nbsp;&lt;/span&gt;&lt;a style=&quot;text-decoration-line: none; color: #0b0080; background-image: none; background-position: initial; background-size: initial; background-repeat: initial; background-attachment: initial; background-origin: initial; background-clip: initial; font-family: sans-serif;&quot; title=&quot;Biblioth&amp;egrave;que logicielle&quot; href=&quot;https://fr.wikipedia.org/wiki/Biblioth%C3%A8que_logicielle&quot;&gt;biblioth&amp;egrave;que logicielle&lt;/a&gt;&lt;span style=&quot;color: #222222; font-family: sans-serif;&quot;&gt;&amp;nbsp;en&amp;nbsp;&lt;/span&gt;&lt;a style=&quot;text-decoration-line: none; color: #0b0080; background-image: none; background-position: initial; background-size: initial; background-repeat: initial; background-attachment: initial; background-origin: initial; background-clip: initial; font-family: sans-serif;&quot; title=&quot;C (langage)&quot; href=&quot;https://fr.wikipedia.org/wiki/C_(langage)&quot;&gt;C&lt;/a&gt;&lt;span id=&quot;cite_ref-7&quot; class=&quot;reference&quot; style=&quot;line-height: 1; vertical-align: text-top; position: relative; font-size: 0.8em; top: -5px; padding-left: 1px; unicode-bidi: isolate; white-space: nowrap; color: #222222; font-family: sans-serif;&quot;&gt;&lt;a style=&quot;text-decoration-line: none; color: #0b0080; background: none;&quot; href=&quot;https://fr.wikipedia.org/wiki/PHP#cite_note-7&quot;&gt;7&lt;/a&gt;&lt;/span&gt;&lt;span style=&quot;color: #222222; font-family: sans-serif;&quot;&gt;&amp;nbsp;dont il se servait pour conserver une trace des visiteurs qui venaient consulter son&amp;nbsp;&lt;/span&gt;&lt;a style=&quot;text-decoration-line: none; color: #0b0080; background-image: none; background-position: initial; background-size: initial; background-repeat: initial; background-attachment: initial; background-origin: initial; background-clip: initial; font-family: sans-serif;&quot; title=&quot;Curriculum vit&amp;aelig;&quot; href=&quot;https://fr.wikipedia.org/wiki/Curriculum_vit%C3%A6&quot;&gt;CV&lt;/a&gt;&lt;span style=&quot;color: #222222; font-family: sans-serif;&quot;&gt;. Au fur et &amp;agrave; mesure qu\'il ajoutait de nouvelles fonctionnalit&amp;eacute;s, Rasmus a transform&amp;eacute; la biblioth&amp;egrave;que en une impl&amp;eacute;mentation capable de communiquer avec des bases de donn&amp;eacute;es et de cr&amp;eacute;er des applications dynamiques et simples pour le&amp;nbsp;&lt;/span&gt;&lt;a style=&quot;text-decoration-line: none; color: #0b0080; background-image: none; background-position: initial; background-size: initial; background-repeat: initial; background-attachment: initial; background-origin: initial; background-clip: initial; font-family: sans-serif;&quot; title=&quot;World Wide Web&quot; href=&quot;https://fr.wikipedia.org/wiki/World_Wide_Web&quot;&gt;Web&lt;/a&gt;&lt;span style=&quot;color: #222222; font-family: sans-serif;&quot;&gt;. Rasmus d&amp;eacute;cida alors en&amp;nbsp;&lt;/span&gt;&lt;a style=&quot;text-decoration-line: none; color: #0b0080; background-image: none; background-position: initial; background-size: initial; background-repeat: initial; background-attachment: initial; background-origin: initial; background-clip: initial; font-family: sans-serif;&quot; title=&quot;1995&quot; href=&quot;https://fr.wikipedia.org/wiki/1995&quot;&gt;1995&lt;/a&gt;&lt;span style=&quot;color: #222222; font-family: sans-serif;&quot;&gt;&amp;nbsp;de publier son code, pour que tout le monde puisse l\'utiliser et en profiter&lt;/span&gt;&lt;span id=&quot;cite_ref-8&quot; class=&quot;reference&quot; style=&quot;line-height: 1; vertical-align: text-top; position: relative; font-size: 0.8em; top: -5px; padding-left: 1px; unicode-bidi: isolate; white-space: nowrap; color: #222222; font-family: sans-serif;&quot;&gt;&lt;a style=&quot;text-decoration-line: none; color: #0b0080; background: none;&quot; href=&quot;https://fr.wikipedia.org/wiki/PHP#cite_note-8&quot;&gt;8&lt;/a&gt;&lt;/span&gt;&lt;span style=&quot;color: #222222; font-family: sans-serif;&quot;&gt;. PHP s\'appelait alors PHP/FI (pour&amp;nbsp;&lt;/span&gt;&lt;em style=&quot;color: #222222; font-family: sans-serif;&quot;&gt;&lt;strong&gt;P&lt;/strong&gt;ersonal&amp;nbsp;&lt;strong&gt;H&lt;/strong&gt;ome&amp;nbsp;&lt;strong&gt;Pa&lt;/strong&gt;ge Tools/&lt;strong&gt;F&lt;/strong&gt;orm&amp;nbsp;&lt;strong&gt;I&lt;/strong&gt;nterpreter&lt;/em&gt;&lt;span style=&quot;color: #222222; font-family: sans-serif;&quot;&gt;). En&amp;nbsp;&lt;/span&gt;&lt;a style=&quot;text-decoration-line: none; color: #0b0080; background-image: none; background-position: initial; background-size: initial; background-repeat: initial; background-attachment: initial; background-origin: initial; background-clip: initial; font-family: sans-serif;&quot; title=&quot;1997&quot; href=&quot;https://fr.wikipedia.org/wiki/1997&quot;&gt;1997&lt;/a&gt;&lt;span style=&quot;color: #222222; font-family: sans-serif;&quot;&gt;, deux &amp;eacute;tudiants,&amp;nbsp;&lt;/span&gt;&lt;a style=&quot;text-decoration-line: none; color: #0b0080; background-image: none; background-position: initial; background-size: initial; background-repeat: initial; background-attachment: initial; background-origin: initial; background-clip: initial; font-family: sans-serif;&quot; title=&quot;Andi Gutmans&quot; href=&quot;https://fr.wikipedia.org/wiki/Andi_Gutmans&quot;&gt;Andi Gutmans&lt;/a&gt;&lt;span style=&quot;color: #222222; font-family: sans-serif;&quot;&gt;&amp;nbsp;et&amp;nbsp;&lt;/span&gt;&lt;a style=&quot;text-decoration-line: none; color: #0b0080; background-image: none; background-position: initial; background-size: initial; background-repeat: initial; background-attachment: initial; background-origin: initial; background-clip: initial; font-family: sans-serif;&quot; title=&quot;Zeev Suraski&quot; href=&quot;https://fr.wikipedia.org/wiki/Zeev_Suraski&quot;&gt;Zeev Suraski&lt;/a&gt;&lt;span style=&quot;color: #222222; font-family: sans-serif;&quot;&gt;, red&amp;eacute;velopp&amp;egrave;rent le c&amp;oelig;ur de PHP/FI. Ce travail aboutit un an plus tard &amp;agrave; la version 3 de PHP, devenu alors&amp;nbsp;&lt;/span&gt;&lt;em style=&quot;color: #222222; font-family: sans-serif;&quot;&gt;PHP: Hypertext Preprocessor&lt;/em&gt;&lt;span style=&quot;color: #222222; font-family: sans-serif;&quot;&gt;. Peu de temps apr&amp;egrave;s, Andi Gutmans et Zeev Suraski commenc&amp;egrave;rent la r&amp;eacute;&amp;eacute;criture du moteur interne de PHP. Ce fut ce nouveau moteur, appel&amp;eacute;&amp;nbsp;&lt;/span&gt;&lt;em style=&quot;color: #222222; font-family: sans-serif;&quot;&gt;&lt;a style=&quot;text-decoration-line: none; color: #0b0080; background: none;&quot; title=&quot;Zend Engine&quot; href=&quot;https://fr.wikipedia.org/wiki/Zend_Engine&quot;&gt;Zend Engine&lt;/a&gt;&lt;/em&gt;&lt;span style=&quot;color: #222222; font-family: sans-serif;&quot;&gt;&amp;nbsp;&amp;mdash; le mot&amp;nbsp;&lt;/span&gt;&lt;em style=&quot;color: #222222; font-family: sans-serif;&quot;&gt;Zend&lt;/em&gt;&lt;span style=&quot;color: #222222; font-family: sans-serif;&quot;&gt;&amp;nbsp;est la contraction de&amp;nbsp;&lt;/span&gt;&lt;em style=&quot;color: #222222; font-family: sans-serif;&quot;&gt;&lt;strong&gt;Ze&lt;/strong&gt;ev&lt;/em&gt;&lt;span style=&quot;color: #222222; font-family: sans-serif;&quot;&gt;&amp;nbsp;et&amp;nbsp;&lt;/span&gt;&lt;em style=&quot;color: #222222; font-family: sans-serif;&quot;&gt;A&lt;strong&gt;nd&lt;/strong&gt;i&lt;/em&gt;&lt;span style=&quot;color: #222222; font-family: sans-serif;&quot;&gt;&amp;nbsp;&amp;mdash; qui servit de base &amp;agrave; la version 4 de PHP&lt;/span&gt;&lt;span id=&quot;cite_ref-histoirephp_9-0&quot; class=&quot;reference&quot; style=&quot;line-height: 1; vertical-align: text-top; position: relative; font-size: 0.8em; top: -5px; padding-left: 1px; unicode-bidi: isolate; white-space: nowrap; color: #222222; font-family: sans-serif;&quot;&gt;&lt;a style=&quot;text-decoration-line: none; color: #0b0080; background: none;&quot; href=&quot;https://fr.wikipedia.org/wiki/PHP#cite_note-histoirephp-9&quot;&gt;9&lt;/a&gt;&lt;/span&gt;&lt;span style=&quot;color: #222222; font-family: sans-serif;&quot;&gt;.&lt;/span&gt;', 'Joffrey', '2018-01-16 10:15:00'),
(56, 'JavaScript', 'JavaScript est un langage de programmation de scripts principalement employ&eacute; dans les pages web interactives.', '&lt;p style=&quot;margin: 0.5em 0px; line-height: inherit; color: #222222; font-family: sans-serif;&quot;&gt;Le langage a &amp;eacute;t&amp;eacute; cr&amp;eacute;&amp;eacute; en dix jours en mai 1995 pour le compte de la&amp;nbsp;&lt;a class=&quot;mw-redirect&quot; style=&quot;text-decoration-line: none; color: #0b0080; background: none;&quot; title=&quot;Netscape Communications Corporation&quot; href=&quot;https://fr.wikipedia.org/wiki/Netscape_Communications_Corporation&quot;&gt;Netscape Communications Corporation&lt;/a&gt;&amp;nbsp;par&amp;nbsp;&lt;a style=&quot;text-decoration-line: none; color: #0b0080; background: none;&quot; title=&quot;Brendan Eich&quot; href=&quot;https://fr.wikipedia.org/wiki/Brendan_Eich&quot;&gt;Brendan Eich&lt;/a&gt;, qui s\'est inspir&amp;eacute; de nombreux langages, notamment de&amp;nbsp;&lt;a style=&quot;text-decoration-line: none; color: #0b0080; background: none;&quot; title=&quot;Java (langage)&quot; href=&quot;https://fr.wikipedia.org/wiki/Java_(langage)&quot;&gt;Java&lt;/a&gt;&amp;nbsp;mais en simplifiant la syntaxe pour les d&amp;eacute;butants&lt;span id=&quot;cite_ref-5&quot; class=&quot;reference&quot; style=&quot;line-height: 1; vertical-align: text-top; position: relative; font-size: 0.8em; top: -5px; padding-left: 1px; unicode-bidi: isolate; white-space: nowrap;&quot;&gt;&lt;a style=&quot;text-decoration-line: none; color: #0b0080; background: none;&quot; href=&quot;https://fr.wikipedia.org/wiki/JavaScript#cite_note-5&quot;&gt;5&lt;/a&gt;&lt;/span&gt;.&lt;/p&gt;\r\n&lt;p style=&quot;margin: 0.5em 0px; line-height: inherit; color: #222222; font-family: sans-serif;&quot;&gt;&lt;a style=&quot;text-decoration-line: none; color: #0b0080; background: none;&quot; title=&quot;Brendan Eich&quot; href=&quot;https://fr.wikipedia.org/wiki/Brendan_Eich&quot;&gt;Brendan Eich&lt;/a&gt;&amp;nbsp;a initialement d&amp;eacute;velopp&amp;eacute; un langage de script c&amp;ocirc;t&amp;eacute; serveur, appel&amp;eacute; LiveScript, pour renforcer l\'offre commerciale de&amp;nbsp;&lt;a style=&quot;text-decoration-line: none; color: #0b0080; background: none;&quot; title=&quot;Serveur HTTP&quot; href=&quot;https://fr.wikipedia.org/wiki/Serveur_HTTP&quot;&gt;serveur HTTP&lt;/a&gt;&amp;nbsp;de&amp;nbsp;&lt;a class=&quot;mw-redirect&quot; style=&quot;text-decoration-line: none; color: #0b0080; background: none;&quot; title=&quot;Mosaic Communications Corporation&quot; href=&quot;https://fr.wikipedia.org/wiki/Mosaic_Communications_Corporation&quot;&gt;Mosaic Communications Corporation&lt;/a&gt;. La sortie de LiveScript intervient &amp;agrave; l\'&amp;eacute;poque o&amp;ugrave; le&amp;nbsp;&lt;a style=&quot;text-decoration-line: none; color: #0b0080; background: none;&quot; title=&quot;National Center for Supercomputing Applications&quot; href=&quot;https://fr.wikipedia.org/wiki/National_Center_for_Supercomputing_Applications&quot;&gt;NCSA&lt;/a&gt;&amp;nbsp;force Mosaic Communications Corporation &amp;agrave; changer de nom pour devenir Netscape Communications Corporation.&lt;/p&gt;\r\n&lt;p style=&quot;margin: 0.5em 0px; line-height: inherit; color: #222222; font-family: sans-serif;&quot;&gt;Netscape travaille alors au d&amp;eacute;veloppement d\'une version orient&amp;eacute;e client de LiveScript. Quelques jours avant sa sortie, Netscape change le nom de LiveScript pour JavaScript.&amp;nbsp;&lt;a style=&quot;text-decoration-line: none; color: #0b0080; background: none;&quot; title=&quot;Sun Microsystems&quot; href=&quot;https://fr.wikipedia.org/wiki/Sun_Microsystems&quot;&gt;Sun Microsystems&lt;/a&gt;&amp;nbsp;et Netscape &amp;eacute;taient partenaires, et la&amp;nbsp;&lt;a style=&quot;text-decoration-line: none; color: #0b0080; background: none;&quot; title=&quot;Machine virtuelle&quot; href=&quot;https://fr.wikipedia.org/wiki/Machine_virtuelle&quot;&gt;machine virtuelle&lt;/a&gt;&amp;nbsp;&lt;a style=&quot;text-decoration-line: none; color: #0b0080; background: none;&quot; title=&quot;Java (langage)&quot; href=&quot;https://fr.wikipedia.org/wiki/Java_(langage)&quot;&gt;Java&lt;/a&gt;&amp;nbsp;de plus en plus populaire. Ce changement de nom servait les int&amp;eacute;r&amp;ecirc;ts des deux soci&amp;eacute;t&amp;eacute;s.&lt;/p&gt;\r\n&lt;p style=&quot;margin: 0.5em 0px; line-height: inherit; color: #222222; font-family: sans-serif;&quot;&gt;En&amp;nbsp;&lt;time class=&quot;nowrap date-lien&quot; style=&quot;white-space: nowrap;&quot; datetime=&quot;1995-12&quot;&gt;&lt;a style=&quot;text-decoration-line: none; color: #0b0080; background: none;&quot; title=&quot;D&amp;eacute;cembre 1995&quot; href=&quot;https://fr.wikipedia.org/wiki/D%C3%A9cembre_1995&quot;&gt;d&amp;eacute;cembre&lt;/a&gt;&amp;nbsp;&lt;a style=&quot;text-decoration-line: none; color: #0b0080; background: none;&quot; title=&quot;1995&quot; href=&quot;https://fr.wikipedia.org/wiki/1995&quot;&gt;1995&lt;/a&gt;&lt;/time&gt;, Sun et Netscape annoncent&lt;span id=&quot;cite_ref-newsrelease67_6-0&quot; class=&quot;reference&quot; style=&quot;line-height: 1; vertical-align: text-top; position: relative; font-size: 0.8em; top: -5px; padding-left: 1px; unicode-bidi: isolate; white-space: nowrap;&quot;&gt;&lt;a style=&quot;text-decoration-line: none; color: #0b0080; background: none;&quot; href=&quot;https://fr.wikipedia.org/wiki/JavaScript#cite_note-newsrelease67-6&quot;&gt;6&lt;/a&gt;&lt;/span&gt;&amp;nbsp;la sortie de JavaScript. En&amp;nbsp;&lt;time class=&quot;nowrap date-lien&quot; style=&quot;white-space: nowrap;&quot; datetime=&quot;1996-03&quot;&gt;&lt;a style=&quot;text-decoration-line: none; color: #0b0080; background: none;&quot; title=&quot;Mars 1996&quot; href=&quot;https://fr.wikipedia.org/wiki/Mars_1996&quot;&gt;mars&lt;/a&gt;&amp;nbsp;&lt;a style=&quot;text-decoration-line: none; color: #0b0080; background: none;&quot; title=&quot;1996&quot; href=&quot;https://fr.wikipedia.org/wiki/1996&quot;&gt;1996&lt;/a&gt;&lt;/time&gt;, Netscape&amp;nbsp;&lt;a style=&quot;text-decoration-line: none; color: #0b0080; background: none;&quot; title=&quot;Mise en &amp;oelig;uvre&quot; href=&quot;https://fr.wikipedia.org/wiki/Mise_en_%C5%93uvre&quot;&gt;met en &amp;oelig;uvre&lt;/a&gt;&amp;nbsp;le moteur JavaScript dans son&amp;nbsp;&lt;a class=&quot;mw-redirect&quot; style=&quot;text-decoration-line: none; color: #0b0080; background: none;&quot; title=&quot;Navigateur Web&quot; href=&quot;https://fr.wikipedia.org/wiki/Navigateur_Web&quot;&gt;navigateur Web&lt;/a&gt;&amp;nbsp;&lt;a style=&quot;text-decoration-line: none; color: #0b0080; background: none;&quot; title=&quot;Netscape Navigator&quot; href=&quot;https://fr.wikipedia.org/wiki/Netscape_Navigator&quot;&gt;Netscape Navigator&lt;/a&gt;&amp;nbsp;2.0. Le succ&amp;egrave;s de ce navigateur contribue &amp;agrave; l\'adoption rapide de JavaScript dans le d&amp;eacute;veloppement web orient&amp;eacute; client.&amp;nbsp;&lt;a style=&quot;text-decoration-line: none; color: #0b0080; background: none;&quot; title=&quot;Microsoft&quot; href=&quot;https://fr.wikipedia.org/wiki/Microsoft&quot;&gt;Microsoft&lt;/a&gt;&amp;nbsp;r&amp;eacute;agit alors en d&amp;eacute;veloppant&amp;nbsp;&lt;a style=&quot;text-decoration-line: none; color: #0b0080; background: none;&quot; title=&quot;JScript&quot; href=&quot;https://fr.wikipedia.org/wiki/JScript&quot;&gt;JScript&lt;/a&gt;, qu\'il inclut ensuite dans&amp;nbsp;&lt;a style=&quot;text-decoration-line: none; color: #0b0080; background: none;&quot; title=&quot;Internet Explorer&quot; href=&quot;https://fr.wikipedia.org/wiki/Internet_Explorer&quot;&gt;Internet Explorer&lt;/a&gt;&amp;nbsp;3.0 en&amp;nbsp;&lt;time class=&quot;nowrap date-lien&quot; style=&quot;white-space: nowrap;&quot; datetime=&quot;1996-08&quot;&gt;&lt;a style=&quot;text-decoration-line: none; color: #0b0080; background: none;&quot; title=&quot;Ao&amp;ucirc;t 1996&quot; href=&quot;https://fr.wikipedia.org/wiki/Ao%C3%BBt_1996&quot;&gt;ao&amp;ucirc;t&lt;/a&gt;&amp;nbsp;&lt;a style=&quot;text-decoration-line: none; color: #0b0080; background: none;&quot; title=&quot;1996&quot; href=&quot;https://fr.wikipedia.org/wiki/1996&quot;&gt;1996&lt;/a&gt;&lt;/time&gt;&amp;nbsp;pour la sortie de son navigateur.&lt;/p&gt;\r\n&lt;p style=&quot;margin: 0.5em 0px; line-height: inherit; color: #222222; font-family: sans-serif;&quot;&gt;JavaScript est d&amp;eacute;crit comme un compl&amp;eacute;ment &amp;agrave;&amp;nbsp;&lt;a style=&quot;text-decoration-line: none; color: #0b0080; background: none;&quot; title=&quot;Java (langage)&quot; href=&quot;https://fr.wikipedia.org/wiki/Java_(langage)&quot;&gt;Java&lt;/a&gt;&amp;nbsp;dans un communiqu&amp;eacute; de presse&lt;span id=&quot;cite_ref-newsrelease67_6-1&quot; class=&quot;reference&quot; style=&quot;line-height: 1; vertical-align: text-top; position: relative; font-size: 0.8em; top: -5px; padding-left: 1px; unicode-bidi: isolate; white-space: nowrap;&quot;&gt;&lt;a style=&quot;text-decoration-line: none; color: #0b0080; background: none;&quot; href=&quot;https://fr.wikipedia.org/wiki/JavaScript#cite_note-newsrelease67-6&quot;&gt;6&lt;/a&gt;&lt;/span&gt;&amp;nbsp;commun de Netscape et Sun Microsystems, dat&amp;eacute; du&amp;nbsp;&lt;time class=&quot;nowrap date-lien&quot; style=&quot;white-space: nowrap;&quot; datetime=&quot;1995-12-04&quot;&gt;&lt;a style=&quot;text-decoration-line: none; color: #0b0080; background: none;&quot; title=&quot;4 d&amp;eacute;cembre&quot; href=&quot;https://fr.wikipedia.org/wiki/4_d%C3%A9cembre&quot;&gt;4&lt;/a&gt;&amp;nbsp;&lt;a style=&quot;text-decoration-line: none; color: #0b0080; background: none;&quot; title=&quot;D&amp;eacute;cembre 1995&quot; href=&quot;https://fr.wikipedia.org/wiki/D%C3%A9cembre_1995&quot;&gt;d&amp;eacute;cembre&lt;/a&gt;&amp;nbsp;&lt;a style=&quot;text-decoration-line: none; color: #0b0080; background: none;&quot; title=&quot;1995&quot; href=&quot;https://fr.wikipedia.org/wiki/1995&quot;&gt;1995&lt;/a&gt;&lt;/time&gt;. Cette initiative a contribu&amp;eacute; &amp;agrave; cr&amp;eacute;er aupr&amp;egrave;s du public une certaine confusion entre les deux langages, proches syntaxiquement mais pas du tout dans leurs concepts fondamentaux, et qui perdure encore de nos jours&lt;span id=&quot;cite_ref-7&quot; class=&quot;reference&quot; style=&quot;line-height: 1; vertical-align: text-top; position: relative; font-size: 0.8em; top: -5px; padding-left: 1px; unicode-bidi: isolate; white-space: nowrap;&quot;&gt;&lt;a style=&quot;text-decoration-line: none; color: #0b0080; background: none;&quot; href=&quot;https://fr.wikipedia.org/wiki/JavaScript#cite_note-7&quot;&gt;7&lt;/a&gt;&lt;/span&gt;.&lt;/p&gt;\r\n&lt;p style=&quot;margin: 0.5em 0px; line-height: inherit; color: #222222; font-family: sans-serif;&quot;&gt;Netscape soumet alors JavaScript &amp;agrave;&amp;nbsp;&lt;a style=&quot;text-decoration-line: none; color: #0b0080; background: none;&quot; title=&quot;Ecma International&quot; href=&quot;https://fr.wikipedia.org/wiki/Ecma_International&quot;&gt;Ecma International&lt;/a&gt;&amp;nbsp;pour standardisation. Les travaux d&amp;eacute;butent en&amp;nbsp;&lt;time class=&quot;nowrap date-lien&quot; style=&quot;white-space: nowrap;&quot; datetime=&quot;1996-11&quot;&gt;&lt;a style=&quot;text-decoration-line: none; color: #0b0080; background: none;&quot; title=&quot;Novembre 1996&quot; href=&quot;https://fr.wikipedia.org/wiki/Novembre_1996&quot;&gt;novembre&lt;/a&gt;&amp;nbsp;&lt;a style=&quot;text-decoration-line: none; color: #0b0080; background: none;&quot; title=&quot;1996&quot; href=&quot;https://fr.wikipedia.org/wiki/1996&quot;&gt;1996&lt;/a&gt;&lt;/time&gt;&amp;nbsp;et se terminent en&amp;nbsp;&lt;time class=&quot;nowrap date-lien&quot; style=&quot;white-space: nowrap;&quot; datetime=&quot;1997-06&quot;&gt;&lt;a style=&quot;text-decoration-line: none; color: #0b0080; background: none;&quot; title=&quot;Juin 1997&quot; href=&quot;https://fr.wikipedia.org/wiki/Juin_1997&quot;&gt;juin&lt;/a&gt;&amp;nbsp;&lt;a style=&quot;text-decoration-line: none; color: #0b0080; background: none;&quot; title=&quot;1997&quot; href=&quot;https://fr.wikipedia.org/wiki/1997&quot;&gt;1997&lt;/a&gt;&lt;/time&gt;, donnant naissance &amp;agrave; la&amp;nbsp;&lt;abbr class=&quot;abbr&quot; style=&quot;border-bottom: 0px; cursor: help; text-decoration-line: none; text-decoration-style: initial;&quot; title=&quot;Premi&amp;egrave;re&quot;&gt;1&lt;sup style=&quot;line-height: 1;&quot;&gt;re&lt;/sup&gt;&lt;/abbr&gt;&amp;nbsp;&amp;eacute;dition du standard ECMA-262 qui sp&amp;eacute;cifie le langage&amp;nbsp;&lt;a style=&quot;text-decoration-line: none; color: #0b0080; background: none;&quot; title=&quot;ECMAScript&quot; href=&quot;https://fr.wikipedia.org/wiki/ECMAScript&quot;&gt;ECMAScript&lt;/a&gt;. Le standard est ensuite soumis &amp;agrave; l\'&lt;a style=&quot;text-decoration-line: none; color: #0b0080; background: none;&quot; title=&quot;Organisation internationale de normalisation&quot; href=&quot;https://fr.wikipedia.org/wiki/Organisation_internationale_de_normalisation&quot;&gt;ISO/CEI&lt;/a&gt;&amp;nbsp;et publi&amp;eacute; en&amp;nbsp;&lt;time class=&quot;nowrap date-lien&quot; style=&quot;white-space: nowrap;&quot; datetime=&quot;1998-04&quot;&gt;&lt;a style=&quot;text-decoration-line: none; color: #0b0080; background: none;&quot; title=&quot;Avril 1998&quot; href=&quot;https://fr.wikipedia.org/wiki/Avril_1998&quot;&gt;avril&lt;/a&gt;&amp;nbsp;&lt;a style=&quot;text-decoration-line: none; color: #0b0080; background: none;&quot; title=&quot;1998&quot; href=&quot;https://fr.wikipedia.org/wiki/1998&quot;&gt;1998&lt;/a&gt;&lt;/time&gt;&amp;nbsp;en tant que standard international ISO/CEI 16262.&lt;/p&gt;\r\n&lt;p style=&quot;margin: 0.5em 0px; line-height: inherit; color: #222222; font-family: sans-serif;&quot;&gt;Des changements r&amp;eacute;dactionnels sont apport&amp;eacute;es au standard ECMA-262 pour le conformer au standard international ISO/CEI 16262, aboutissant &amp;agrave; la&amp;nbsp;&lt;abbr class=&quot;abbr&quot; style=&quot;border-bottom: 0px; cursor: help; text-decoration-line: none; text-decoration-style: initial;&quot; title=&quot;Deuxi&amp;egrave;me&quot;&gt;2&lt;sup style=&quot;line-height: 1;&quot;&gt;e&lt;/sup&gt;&lt;/abbr&gt;&amp;nbsp;&amp;eacute;dition du standard ECMA-262 en&amp;nbsp;&lt;time class=&quot;nowrap date-lien&quot; style=&quot;white-space: nowrap;&quot; datetime=&quot;1998-06&quot;&gt;&lt;a style=&quot;text-decoration-line: none; color: #0b0080; background: none;&quot; title=&quot;Juin 1998&quot; href=&quot;https://fr.wikipedia.org/wiki/Juin_1998&quot;&gt;juin&lt;/a&gt;&amp;nbsp;&lt;a style=&quot;text-decoration-line: none; color: #0b0080; background: none;&quot; title=&quot;1998&quot; href=&quot;https://fr.wikipedia.org/wiki/1998&quot;&gt;1998&lt;/a&gt;&lt;/time&gt;.&lt;/p&gt;\r\n&lt;p style=&quot;margin: 0.5em 0px; line-height: inherit; color: #222222; font-family: sans-serif;&quot;&gt;La&amp;nbsp;&lt;abbr class=&quot;abbr&quot; style=&quot;border-bottom: 0px; cursor: help; text-decoration-line: none; text-decoration-style: initial;&quot; title=&quot;Troisi&amp;egrave;me&quot;&gt;3&lt;sup style=&quot;line-height: 1;&quot;&gt;e&lt;/sup&gt;&lt;/abbr&gt;&amp;nbsp;&amp;eacute;dition du standard ECMA-262 introduit des expressions rationnelles plus puissantes, une am&amp;eacute;lioration de la manipulation des cha&amp;icirc;nes de caract&amp;egrave;res, de nouvelles instructions de contr&amp;ocirc;le, une gestion des exception avec les instructions try/catch et le formatage des nombres. Elle est publi&amp;eacute;e par Ecma International en&amp;nbsp;&lt;time class=&quot;nowrap date-lien&quot; style=&quot;white-space: nowrap;&quot; datetime=&quot;1999-12&quot;&gt;&lt;a style=&quot;text-decoration-line: none; color: #0b0080; background: none;&quot; title=&quot;D&amp;eacute;cembre 1999&quot; href=&quot;https://fr.wikipedia.org/wiki/D%C3%A9cembre_1999&quot;&gt;d&amp;eacute;cembre&lt;/a&gt;&amp;nbsp;&lt;a style=&quot;text-decoration-line: none; color: #0b0080; background: none;&quot; title=&quot;1999&quot; href=&quot;https://fr.wikipedia.org/wiki/1999&quot;&gt;1999&lt;/a&gt;&lt;/time&gt;&amp;nbsp;puis soumise &amp;agrave; l\'ISO/CEI qui publie le standard international ISO/CEI 16262:2002 en&amp;nbsp;&lt;time class=&quot;nowrap date-lien&quot; style=&quot;white-space: nowrap;&quot; datetime=&quot;2002-06&quot;&gt;&lt;a style=&quot;text-decoration-line: none; color: #0b0080; background: none;&quot; title=&quot;Juin 2002&quot; href=&quot;https://fr.wikipedia.org/wiki/Juin_2002&quot;&gt;juin&lt;/a&gt;&amp;nbsp;&lt;a style=&quot;text-decoration-line: none; color: #0b0080; background: none;&quot; title=&quot;2002&quot; href=&quot;https://fr.wikipedia.org/wiki/2002&quot;&gt;2002&lt;/a&gt;&lt;/time&gt;. Apr&amp;egrave;s la publication de la&amp;nbsp;&lt;abbr class=&quot;abbr&quot; style=&quot;border-bottom: 0px; cursor: help; text-decoration-line: none; text-decoration-style: initial;&quot; title=&quot;Troisi&amp;egrave;me&quot;&gt;3&lt;sup style=&quot;line-height: 1;&quot;&gt;e&lt;/sup&gt;&lt;/abbr&gt;&amp;nbsp;&amp;eacute;dition s\'ensuit une adoption massive par tous les navigateurs Web.&lt;/p&gt;\r\n&lt;p style=&quot;margin: 0.5em 0px; line-height: inherit; color: #222222; font-family: sans-serif;&quot;&gt;Un travail cons&amp;eacute;quent est entrepris pour d&amp;eacute;velopper la&amp;nbsp;&lt;abbr class=&quot;abbr&quot; style=&quot;border-bottom: 0px; cursor: help; text-decoration-line: none; text-decoration-style: initial;&quot; title=&quot;Quatri&amp;egrave;me&quot;&gt;4&lt;sup style=&quot;line-height: 1;&quot;&gt;e&lt;/sup&gt;&lt;/abbr&gt;&amp;nbsp;&amp;eacute;dition du standard ECMA-262, mais il ne sera pas achev&amp;eacute; et cette &amp;eacute;dition ne verra jamais le jour. Cependant une partie du d&amp;eacute;veloppement effectu&amp;eacute; sera int&amp;eacute;gr&amp;eacute;e &amp;agrave; la&amp;nbsp;&lt;abbr class=&quot;abbr&quot; style=&quot;border-bottom: 0px; cursor: help; text-decoration-line: none; text-decoration-style: initial;&quot; title=&quot;Sixi&amp;egrave;me&quot;&gt;6&lt;sup style=&quot;line-height: 1;&quot;&gt;e&lt;/sup&gt;&lt;/abbr&gt;&amp;nbsp;&amp;eacute;dition.&lt;/p&gt;\r\n&lt;p style=&quot;margin: 0.5em 0px; line-height: inherit; color: #222222; font-family: sans-serif;&quot;&gt;La&amp;nbsp;&lt;abbr class=&quot;abbr&quot; style=&quot;border-bottom: 0px; cursor: help; text-decoration-line: none; text-decoration-style: initial;&quot; title=&quot;Cinqui&amp;egrave;me&quot;&gt;5&lt;sup style=&quot;line-height: 1;&quot;&gt;e&lt;/sup&gt;&lt;/abbr&gt;&amp;nbsp;&amp;eacute;dition du standard ECMA-262 clarifie les ambigu&amp;iuml;t&amp;eacute;s de la&amp;nbsp;&lt;abbr class=&quot;abbr&quot; style=&quot;border-bottom: 0px; cursor: help; text-decoration-line: none; text-decoration-style: initial;&quot; title=&quot;Troisi&amp;egrave;me&quot;&gt;3&lt;sup style=&quot;line-height: 1;&quot;&gt;e&lt;/sup&gt;&lt;/abbr&gt;&amp;nbsp;&amp;eacute;dition et introduit les accesseurs, l\'introspection, le contr&amp;ocirc;le des attributs, des fonctions de manipulation de tableaux suppl&amp;eacute;mentaires, le support du format JSON et un mode strict pour la v&amp;eacute;rification des erreurs. Elle est publi&amp;eacute;e par Ecma International en&amp;nbsp;&lt;time class=&quot;nowrap date-lien&quot; style=&quot;white-space: nowrap;&quot; datetime=&quot;2009-12&quot;&gt;&lt;a style=&quot;text-decoration-line: none; color: #0b0080; background: none;&quot; title=&quot;D&amp;eacute;cembre 2009&quot; href=&quot;https://fr.wikipedia.org/wiki/D%C3%A9cembre_2009&quot;&gt;d&amp;eacute;cembre&lt;/a&gt;&amp;nbsp;&lt;a style=&quot;text-decoration-line: none; color: #0b0080; background: none;&quot; title=&quot;2009&quot; href=&quot;https://fr.wikipedia.org/wiki/2009&quot;&gt;2009&lt;/a&gt;&lt;/time&gt;&amp;nbsp;puis soumise &amp;agrave; l\'ISO/CEI qui apporte des corrections mineures et publie le standard international ISO/CEI 16262:2011 en&amp;nbsp;&lt;time class=&quot;nowrap date-lien&quot; style=&quot;white-space: nowrap;&quot; datetime=&quot;2011-06&quot;&gt;&lt;a style=&quot;text-decoration-line: none; color: #0b0080; background: none;&quot; title=&quot;Juin 2011&quot; href=&quot;https://fr.wikipedia.org/wiki/Juin_2011&quot;&gt;juin&lt;/a&gt;&amp;nbsp;&lt;a style=&quot;text-decoration-line: none; color: #0b0080; background: none;&quot; title=&quot;2011&quot; href=&quot;https://fr.wikipedia.org/wiki/2011&quot;&gt;2011&lt;/a&gt;&lt;/time&gt;. L\'&amp;eacute;dition 5.1 du standard ECMA-262 reprenant &amp;agrave; l\'identique le texte du standard international ISO/CEI 16262:2011 est publi&amp;eacute;e &amp;agrave; la m&amp;ecirc;me date.&lt;/p&gt;\r\n&lt;p style=&quot;margin: 0.5em 0px; line-height: inherit; color: #222222; font-family: sans-serif;&quot;&gt;Bien que le d&amp;eacute;veloppement de la&amp;nbsp;&lt;abbr class=&quot;abbr&quot; style=&quot;border-bottom: 0px; cursor: help; text-decoration-line: none; text-decoration-style: initial;&quot; title=&quot;Sixi&amp;egrave;me&quot;&gt;6&lt;sup style=&quot;line-height: 1;&quot;&gt;e&lt;/sup&gt;&lt;/abbr&gt;&amp;nbsp;&amp;eacute;dition du standard ECMA-262 ait commenc&amp;eacute; officiellement en 2009, peu avant la publication de la&amp;nbsp;&lt;abbr class=&quot;abbr&quot; style=&quot;border-bottom: 0px; cursor: help; text-decoration-line: none; text-decoration-style: initial;&quot; title=&quot;Cinqui&amp;egrave;me&quot;&gt;5&lt;sup style=&quot;line-height: 1;&quot;&gt;e&lt;/sup&gt;&lt;/abbr&gt;&amp;nbsp;&amp;eacute;dition, sa publication en&amp;nbsp;&lt;time class=&quot;nowrap date-lien&quot; style=&quot;white-space: nowrap;&quot; datetime=&quot;2015-06&quot;&gt;&lt;a style=&quot;text-decoration-line: none; color: #0b0080; background: none;&quot; title=&quot;Juin 2015&quot; href=&quot;https://fr.wikipedia.org/wiki/Juin_2015&quot;&gt;juin&lt;/a&gt;&amp;nbsp;&lt;a style=&quot;text-decoration-line: none; color: #0b0080; background: none;&quot; title=&quot;2015&quot; href=&quot;https://fr.wikipedia.org/wiki/2015&quot;&gt;2015&lt;/a&gt;&lt;/time&gt;&amp;nbsp;est en r&amp;eacute;alit&amp;eacute; l\'aboutissement de 15 ans de travail depuis la publication de la&amp;nbsp;&lt;abbr class=&quot;abbr&quot; style=&quot;border-bottom: 0px; cursor: help; text-decoration-line: none; text-decoration-style: initial;&quot; title=&quot;Troisi&amp;egrave;me&quot;&gt;3&lt;sup style=&quot;line-height: 1;&quot;&gt;e&lt;/sup&gt;&lt;/abbr&gt;&amp;nbsp;&amp;eacute;dition en 1999. Le but de cette&amp;nbsp;&lt;abbr class=&quot;abbr&quot; style=&quot;border-bottom: 0px; cursor: help; text-decoration-line: none; text-decoration-style: initial;&quot; title=&quot;Sixi&amp;egrave;me&quot;&gt;6&lt;sup style=&quot;line-height: 1;&quot;&gt;e&lt;/sup&gt;&lt;/abbr&gt;&amp;nbsp;&amp;eacute;dition est d\'apporter un meilleur support pour les applications d\'envergure, la cr&amp;eacute;ation de biblioth&amp;egrave;ques et l\'utilisation d\'ECMAScript comme cible de compilation pour d\'autres langages. Cette &amp;eacute;dition introduit notamment les modules, les classes, la port&amp;eacute;e lexicale au niveau des blocs, les it&amp;eacute;rateurs et les g&amp;eacute;n&amp;eacute;rateurs, les promesses pour la programmation asynchrone, les patrons de destructuration, l\'optimisation des appels terminaux, de nouvelles structures de donn&amp;eacute;es (tableaux associatifs, ensembles, tableaux binaires), le support de caract&amp;egrave;res Unicode suppl&amp;eacute;mentaires dans les cha&amp;icirc;nes de caract&amp;egrave;res et les expressions rationnelles et la possibilit&amp;eacute; d\'&amp;eacute;tendre les structures de donn&amp;eacute;es pr&amp;eacute;d&amp;eacute;finies.&lt;/p&gt;\r\n&lt;p style=&quot;margin: 0.5em 0px; line-height: inherit; color: #222222; font-family: sans-serif;&quot;&gt;La&amp;nbsp;&lt;abbr class=&quot;abbr&quot; style=&quot;border-bottom: 0px; cursor: help; text-decoration-line: none; text-decoration-style: initial;&quot; title=&quot;Septi&amp;egrave;me&quot;&gt;7&lt;sup style=&quot;line-height: 1;&quot;&gt;e&lt;/sup&gt;&lt;/abbr&gt;&amp;nbsp;&amp;eacute;dition du standard ECMA-262 est la premi&amp;egrave;re &amp;eacute;dition issue du nouveau processus de d&amp;eacute;veloppement ouvert et du rythme de publication annuel adopt&amp;eacute;s par le comit&amp;eacute; Ecma TC39. Un document au format texte est cr&amp;eacute;&amp;eacute; &amp;agrave; partir de la&amp;nbsp;&lt;abbr class=&quot;abbr&quot; style=&quot;border-bottom: 0px; cursor: help; text-decoration-line: none; text-decoration-style: initial;&quot; title=&quot;Sixi&amp;egrave;me&quot;&gt;6&lt;sup style=&quot;line-height: 1;&quot;&gt;e&lt;/sup&gt;&lt;/abbr&gt;&amp;nbsp;&amp;eacute;dition et est mis en ligne sur&amp;nbsp;&lt;a style=&quot;text-decoration-line: none; color: #0b0080; background: none;&quot; title=&quot;GitHub&quot; href=&quot;https://fr.wikipedia.org/wiki/GitHub&quot;&gt;GitHub&lt;/a&gt;&amp;nbsp;comme base de d&amp;eacute;veloppement pour cette nouvelle &amp;eacute;dition. Apr&amp;egrave;s la correction de milliers de bugs et d\'erreurs r&amp;eacute;dactionnelles ainsi que l\'introduction de l\'op&amp;eacute;rateur d\'exponentiation et d\'une nouvelle m&amp;eacute;thode pour les prototypes de tableaux, la&amp;nbsp;&lt;abbr class=&quot;abbr&quot; style=&quot;border-bottom: 0px; cursor: help; text-decoration-line: none; text-decoration-style: initial;&quot; title=&quot;Septi&amp;egrave;me&quot;&gt;7&lt;sup style=&quot;line-height: 1;&quot;&gt;e&lt;/sup&gt;&lt;/abbr&gt;&amp;nbsp;&amp;eacute;dition est publi&amp;eacute;e en&amp;nbsp;&lt;time class=&quot;nowrap date-lien&quot; style=&quot;white-space: nowrap;&quot; datetime=&quot;2016-06&quot;&gt;&lt;a style=&quot;text-decoration-line: none; color: #0b0080; background: none;&quot; title=&quot;Juin 2016&quot; href=&quot;https://fr.wikipedia.org/wiki/Juin_2016&quot;&gt;juin&lt;/a&gt;&amp;nbsp;&lt;a style=&quot;text-decoration-line: none; color: #0b0080; background: none;&quot; title=&quot;2016&quot; href=&quot;https://fr.wikipedia.org/wiki/2016&quot;&gt;2016&lt;/a&gt;&lt;/time&gt;.&lt;/p&gt;\r\n&lt;p style=&quot;margin: 0.5em 0px; line-height: inherit; color: #222222; font-family: sans-serif;&quot;&gt;L\'&amp;eacute;dition actuelle du standard ECMA-262 est la&amp;nbsp;&lt;abbr class=&quot;abbr&quot; style=&quot;border-bottom: 0px; cursor: help; text-decoration-line: none; text-decoration-style: initial;&quot; title=&quot;Huiti&amp;egrave;me&quot;&gt;8&lt;sup style=&quot;line-height: 1;&quot;&gt;e&lt;/sup&gt;&lt;/abbr&gt;&amp;nbsp;&amp;eacute;dition, publi&amp;eacute;e en&amp;nbsp;&lt;time class=&quot;nowrap date-lien&quot; style=&quot;white-space: nowrap;&quot; datetime=&quot;2017-06&quot;&gt;&lt;a style=&quot;text-decoration-line: none; color: #0b0080; background: none;&quot; title=&quot;Juin 2017&quot; href=&quot;https://fr.wikipedia.org/wiki/Juin_2017&quot;&gt;juin&lt;/a&gt;&amp;nbsp;&lt;a style=&quot;text-decoration-line: none; color: #0b0080; background: none;&quot; title=&quot;2017&quot; href=&quot;https://fr.wikipedia.org/wiki/2017&quot;&gt;2017&lt;/a&gt;&lt;/time&gt;&lt;span id=&quot;cite_ref-8&quot; class=&quot;reference&quot; style=&quot;line-height: 1; vertical-align: text-top; position: relative; font-size: 0.8em; top: -5px; padding-left: 1px; unicode-bidi: isolate; white-space: nowrap;&quot;&gt;&lt;a style=&quot;text-decoration-line: none; color: #0b0080; background: none;&quot; href=&quot;https://fr.wikipedia.org/wiki/JavaScript#cite_note-8&quot;&gt;8&lt;/a&gt;&lt;/span&gt;.&lt;/p&gt;', 'Joffrey', '2018-01-16 10:20:30');
INSERT INTO `t_articles` (`ID_ARTICLE`, `ARTTITRE`, `ARTCHAPO`, `ARTCONTENU`, `ARTAUTEUR`, `ARTDATE`) VALUES
(57, 'Hypertext Markup Language', 'L&rsquo;HyperText Markup Language, g&eacute;n&eacute;ralement abr&eacute;g&eacute; HTML, est le langage de balisage con&ccedil;u pour repr&eacute;senter les pages web.', '&lt;p style=&quot;margin: 0.5em 0px; line-height: inherit; color: #222222; font-family: sans-serif;&quot;&gt;En&amp;nbsp;&lt;time class=&quot;nowrap date-lien&quot; style=&quot;white-space: nowrap;&quot; datetime=&quot;2007-03&quot;&gt;&lt;a style=&quot;text-decoration-line: none; color: #0b0080; background: none;&quot; title=&quot;Mars 2007&quot; href=&quot;https://fr.wikipedia.org/wiki/Mars_2007&quot;&gt;mars&lt;/a&gt;&amp;nbsp;&lt;a style=&quot;text-decoration-line: none; color: #0b0080; background: none;&quot; title=&quot;2007 en informatique&quot; href=&quot;https://fr.wikipedia.org/wiki/2007_en_informatique&quot;&gt;2007&lt;/a&gt;&lt;/time&gt;, tirant la cons&amp;eacute;quence des r&amp;eacute;ticences d&amp;rsquo;une partie de l&amp;rsquo;industrie et des concepteurs de contenus web face &amp;agrave; XHTML 2.0&lt;span id=&quot;cite_ref-13&quot; class=&quot;reference&quot; style=&quot;line-height: 1; vertical-align: text-top; position: relative; font-size: 0.8em; top: -5px; padding-left: 1px; unicode-bidi: isolate; white-space: nowrap;&quot;&gt;&lt;a style=&quot;text-decoration-line: none; color: #0b0080; background: none;&quot; href=&quot;https://fr.wikipedia.org/wiki/Hypertext_Markup_Language#cite_note-13&quot;&gt;13&lt;/a&gt;&lt;/span&gt;, le W3C relance le d&amp;eacute;veloppement de HTML et cr&amp;eacute;e un nouveau groupe de travail encadr&amp;eacute; par Chris Wilson (&lt;a style=&quot;text-decoration-line: none; color: #0b0080; background: none;&quot; title=&quot;Microsoft&quot; href=&quot;https://fr.wikipedia.org/wiki/Microsoft&quot;&gt;Microsoft&lt;/a&gt;) et initialement&amp;nbsp;&lt;a style=&quot;text-decoration-line: none; color: #0b0080; background: none;&quot; title=&quot;Dan Connolly&quot; href=&quot;https://fr.wikipedia.org/wiki/Dan_Connolly&quot;&gt;Dan Connolly&lt;/a&gt;&amp;nbsp;(&lt;a style=&quot;text-decoration-line: none; color: #0b0080; background: none;&quot; title=&quot;World Wide Web Consortium&quot; href=&quot;https://fr.wikipedia.org/wiki/World_Wide_Web_Consortium&quot;&gt;W3C&lt;/a&gt;), maintenant&amp;nbsp;&lt;a style=&quot;text-decoration-line: none; color: #0b0080; background: none;&quot; title=&quot;Michael Smith&quot; href=&quot;https://fr.wikipedia.org/wiki/Michael_Smith&quot;&gt;Michael Smith&lt;/a&gt;&amp;nbsp;(&lt;a style=&quot;text-decoration-line: none; color: #0b0080; background: none;&quot; title=&quot;World Wide Web Consortium&quot; href=&quot;https://fr.wikipedia.org/wiki/World_Wide_Web_Consortium&quot;&gt;W3C&lt;/a&gt;). Il s&amp;rsquo;agit notamment&lt;span id=&quot;cite_ref-14&quot; class=&quot;reference&quot; style=&quot;line-height: 1; vertical-align: text-top; position: relative; font-size: 0.8em; top: -5px; padding-left: 1px; unicode-bidi: isolate; white-space: nowrap;&quot;&gt;&lt;a style=&quot;text-decoration-line: none; color: #0b0080; background: none;&quot; href=&quot;https://fr.wikipedia.org/wiki/Hypertext_Markup_Language#cite_note-14&quot;&gt;14&lt;/a&gt;&lt;/span&gt;&amp;nbsp;:&lt;/p&gt;\r\n&lt;ul style=&quot;margin: 0.3em 0px 0px 1.6em; padding: 0px; color: #222222; font-family: sans-serif;&quot;&gt;\r\n&lt;li style=&quot;margin-bottom: 0.1em;&quot;&gt;de faire &amp;eacute;voluer HTML pour d&amp;eacute;crire la s&amp;eacute;mantique des documents mais aussi les applications en ligne&amp;nbsp;;&lt;/li&gt;\r\n&lt;li style=&quot;margin-bottom: 0.1em;&quot;&gt;de parvenir &amp;agrave; un langage extensible via XML tout en maintenant une version non XML compatible avec les analyseurs syntaxiques (&lt;em&gt;&lt;span class=&quot;lang-en&quot; lang=&quot;en&quot;&gt;parsers&lt;/span&gt;&lt;/em&gt;) HTML des navigateurs actuels&amp;nbsp;;&lt;/li&gt;\r\n&lt;li style=&quot;margin-bottom: 0.1em;&quot;&gt;et d&amp;rsquo;enrichir les interfaces utilisateurs avec des contr&amp;ocirc;les sp&amp;eacute;cifiques&amp;nbsp;: barres de progr&amp;egrave;s, menus, champs associ&amp;eacute;s &amp;agrave; des types de donn&amp;eacute;es sp&amp;eacute;cifiques.&lt;/li&gt;\r\n&lt;/ul&gt;\r\n&lt;p style=&quot;margin: 0.5em 0px; line-height: inherit; color: #222222; font-family: sans-serif;&quot;&gt;Les travaux du WHATWG ont &amp;eacute;t&amp;eacute; formellement adopt&amp;eacute;s en&amp;nbsp;&lt;time class=&quot;nowrap date-lien&quot; style=&quot;white-space: nowrap;&quot; datetime=&quot;2007-05&quot;&gt;&lt;a style=&quot;text-decoration-line: none; color: #0b0080; background: none;&quot; title=&quot;Mai 2007&quot; href=&quot;https://fr.wikipedia.org/wiki/Mai_2007&quot;&gt;mai&lt;/a&gt;&amp;nbsp;&lt;a style=&quot;text-decoration-line: none; color: #0b0080; background: none;&quot; title=&quot;2007 en informatique&quot; href=&quot;https://fr.wikipedia.org/wiki/2007_en_informatique&quot;&gt;2007&lt;/a&gt;&lt;/time&gt;&amp;nbsp;comme point de d&amp;eacute;part d&amp;rsquo;une nouvelle sp&amp;eacute;cification&amp;nbsp;&lt;span class=&quot;nowrap&quot; style=&quot;white-space: nowrap;&quot;&gt;&lt;a style=&quot;text-decoration-line: none; color: #0b0080; background: none;&quot; title=&quot;HTML5&quot; href=&quot;https://fr.wikipedia.org/wiki/HTML5&quot;&gt;HTML5&lt;/a&gt;&lt;/span&gt;&lt;span id=&quot;cite_ref-15&quot; class=&quot;reference&quot; style=&quot;line-height: 1; vertical-align: text-top; position: relative; font-size: 0.8em; top: -5px; padding-left: 1px; unicode-bidi: isolate; white-space: nowrap;&quot;&gt;&lt;a style=&quot;text-decoration-line: none; color: #0b0080; background: none;&quot; href=&quot;https://fr.wikipedia.org/wiki/Hypertext_Markup_Language#cite_note-15&quot;&gt;15&lt;/a&gt;&lt;/span&gt;. Ce document&lt;span id=&quot;cite_ref-16&quot; class=&quot;reference&quot; style=&quot;line-height: 1; vertical-align: text-top; position: relative; font-size: 0.8em; top: -5px; padding-left: 1px; unicode-bidi: isolate; white-space: nowrap;&quot;&gt;&lt;a style=&quot;text-decoration-line: none; color: #0b0080; background: none;&quot; href=&quot;https://fr.wikipedia.org/wiki/Hypertext_Markup_Language#cite_note-16&quot;&gt;16&lt;/a&gt;&lt;/span&gt;&amp;nbsp;a &amp;eacute;t&amp;eacute; publi&amp;eacute; sous forme de&amp;nbsp;&lt;em&gt;&lt;span class=&quot;lang-en&quot; lang=&quot;en&quot;&gt;Working Draft&lt;/span&gt;&lt;/em&gt;&amp;nbsp;le&amp;nbsp;&lt;time class=&quot;nowrap date-lien&quot; style=&quot;white-space: nowrap;&quot; datetime=&quot;2008-01-22&quot;&gt;&lt;a style=&quot;text-decoration-line: none; color: #0b0080; background: none;&quot; title=&quot;22 janvier&quot; href=&quot;https://fr.wikipedia.org/wiki/22_janvier&quot;&gt;22&lt;/a&gt;&amp;nbsp;&lt;a style=&quot;text-decoration-line: none; color: #0b0080; background: none;&quot; title=&quot;Janvier 2008&quot; href=&quot;https://fr.wikipedia.org/wiki/Janvier_2008&quot;&gt;janvier&lt;/a&gt;&amp;nbsp;&lt;a style=&quot;text-decoration-line: none; color: #0b0080; background: none;&quot; title=&quot;2008&quot; href=&quot;https://fr.wikipedia.org/wiki/2008&quot;&gt;2008&lt;/a&gt;&lt;/time&gt;. Parmi les principes de conception &amp;eacute;voqu&amp;eacute;s par le groupe de travail figurent en particulier&lt;span id=&quot;cite_ref-17&quot; class=&quot;reference&quot; style=&quot;line-height: 1; vertical-align: text-top; position: relative; font-size: 0.8em; top: -5px; padding-left: 1px; unicode-bidi: isolate; white-space: nowrap;&quot;&gt;&lt;a style=&quot;text-decoration-line: none; color: #0b0080; background: none;&quot; href=&quot;https://fr.wikipedia.org/wiki/Hypertext_Markup_Language#cite_note-17&quot;&gt;17&lt;/a&gt;&lt;/span&gt;&amp;nbsp;:&lt;/p&gt;\r\n&lt;ul style=&quot;margin: 0.3em 0px 0px 1.6em; padding: 0px; color: #222222; font-family: sans-serif;&quot;&gt;\r\n&lt;li style=&quot;margin-bottom: 0.1em;&quot;&gt;la compatibilit&amp;eacute; des futures impl&amp;eacute;mentations HTML avec le contenu web existant, et la possibilit&amp;eacute; pour d&amp;rsquo;anciens agents utilisateurs d&amp;rsquo;exploiter les futurs contenus HTML 5&amp;nbsp;;&lt;/li&gt;\r\n&lt;li style=&quot;margin-bottom: 0.1em;&quot;&gt;une approche pragmatique, pr&amp;eacute;f&amp;eacute;rant les &amp;eacute;volutions aux modifications radicales, et adoptant les technologies ou pratiques d&amp;eacute;j&amp;agrave; largement partag&amp;eacute;es par les auteurs de contenus actuels&amp;nbsp;;&lt;/li&gt;\r\n&lt;li style=&quot;margin-bottom: 0.1em;&quot;&gt;la priorit&amp;eacute; donn&amp;eacute;e, en cas de conflit d&amp;rsquo;int&amp;eacute;r&amp;ecirc;t, aux besoins des utilisateurs sur ceux des auteurs, et par suite, &amp;agrave; ceux des auteurs sur les contraintes d&amp;rsquo;impl&amp;eacute;mentation par les navigateurs&amp;nbsp;;&lt;/li&gt;\r\n&lt;li style=&quot;margin-bottom: 0.1em;&quot;&gt;le compromis entre la richesse s&amp;eacute;mantique du langage et l&amp;rsquo;utilit&amp;eacute; pratique des solutions disponibles pour remplir l&amp;rsquo;objectif majeur d&amp;rsquo;ind&amp;eacute;pendance envers le m&amp;eacute;dia de restitution.&lt;/li&gt;\r\n&lt;/ul&gt;\r\n&lt;p style=&quot;margin: 0.5em 0px; line-height: inherit; color: #222222; font-family: sans-serif;&quot;&gt;Une&amp;nbsp;&lt;em&gt;&lt;span class=&quot;lang-en&quot; lang=&quot;en&quot;&gt;Accessibility Task Force&lt;/span&gt;&lt;/em&gt;&amp;nbsp;est cr&amp;eacute;&amp;eacute;e par le W3C en novembre 2009 afin de r&amp;eacute;soudre les probl&amp;egrave;mes de compatibilit&amp;eacute; du nouveau format avec les normes d\'&lt;a style=&quot;text-decoration-line: none; color: #0b0080; background: none;&quot; title=&quot;Accessibilit&amp;eacute; du web&quot; href=&quot;https://fr.wikipedia.org/wiki/Accessibilit%C3%A9_du_web&quot;&gt;accessibilit&amp;eacute;&lt;/a&gt;&lt;span id=&quot;cite_ref-18&quot; class=&quot;reference&quot; style=&quot;line-height: 1; vertical-align: text-top; position: relative; font-size: 0.8em; top: -5px; padding-left: 1px; unicode-bidi: isolate; white-space: nowrap;&quot;&gt;&lt;a style=&quot;text-decoration-line: none; color: #0b0080; background: none;&quot; href=&quot;https://fr.wikipedia.org/wiki/Hypertext_Markup_Language#cite_note-18&quot;&gt;18&lt;/a&gt;&lt;/span&gt;, li&amp;eacute;s notamment &amp;agrave; l\'impl&amp;eacute;mentation d\'&lt;a style=&quot;text-decoration-line: none; color: #0b0080; background: none;&quot; title=&quot;Accessible Rich Internet Applications&quot; href=&quot;https://fr.wikipedia.org/wiki/Accessible_Rich_Internet_Applications&quot;&gt;ARIA&lt;/a&gt;, aux alternatives textuelles et aux nouveaux &amp;eacute;l&amp;eacute;ments&amp;nbsp;&lt;code style=&quot;font-family: monospace, monospace; color: #000000; background-color: #f8f9fa; border: 1px solid #eaecf0; border-radius: 2px; padding: 1px 4px;&quot;&gt;&lt;a style=&quot;text-decoration-line: none; color: #0b0080; background: none;&quot; title=&quot;Canvas (HTML)&quot; href=&quot;https://fr.wikipedia.org/wiki/Canvas_(HTML)&quot;&gt;canvas&lt;/a&gt;&lt;/code&gt;&amp;nbsp;et&amp;nbsp;&lt;code style=&quot;font-family: monospace, monospace; color: #000000; background-color: #f8f9fa; border: 1px solid #eaecf0; border-radius: 2px; padding: 1px 4px;&quot;&gt;video&lt;/code&gt;&lt;span id=&quot;cite_ref-19&quot; class=&quot;reference&quot; style=&quot;line-height: 1; vertical-align: text-top; position: relative; font-size: 0.8em; top: -5px; padding-left: 1px; unicode-bidi: isolate; white-space: nowrap;&quot;&gt;&lt;a style=&quot;text-decoration-line: none; color: #0b0080; background: none;&quot; href=&quot;https://fr.wikipedia.org/wiki/Hypertext_Markup_Language#cite_note-19&quot;&gt;19&lt;/a&gt;&lt;/span&gt;.&lt;/p&gt;\r\n&lt;p style=&quot;margin: 0.5em 0px; line-height: inherit; color: #222222; font-family: sans-serif;&quot;&gt;Le d&amp;eacute;veloppement de XHTML 2.0 est initialement poursuivi en parall&amp;egrave;le, en r&amp;eacute;ponse aux besoins d&amp;rsquo;autres secteurs du web, tels que les p&amp;eacute;riph&amp;eacute;riques mobiles, les applications d&amp;rsquo;entreprise et les applications serveurs&lt;span id=&quot;cite_ref-20&quot; class=&quot;reference&quot; style=&quot;line-height: 1; vertical-align: text-top; position: relative; font-size: 0.8em; top: -5px; padding-left: 1px; unicode-bidi: isolate; white-space: nowrap;&quot;&gt;&lt;a style=&quot;text-decoration-line: none; color: #0b0080; background: none;&quot; href=&quot;https://fr.wikipedia.org/wiki/Hypertext_Markup_Language#cite_note-20&quot;&gt;20&lt;/a&gt;&lt;/span&gt;. Puis, en juillet 2009, le W3C d&amp;eacute;cide la non-reconduction du&amp;nbsp;&lt;span class=&quot;lang-en&quot; lang=&quot;en&quot;&gt;XHTML 2 Working Group&lt;/span&gt;&amp;nbsp;&amp;agrave; la fin 2009&lt;span id=&quot;cite_ref-21&quot; class=&quot;reference&quot; style=&quot;line-height: 1; vertical-align: text-top; position: relative; font-size: 0.8em; top: -5px; padding-left: 1px; unicode-bidi: isolate; white-space: nowrap;&quot;&gt;&lt;a style=&quot;text-decoration-line: none; color: #0b0080; background: none;&quot; href=&quot;https://fr.wikipedia.org/wiki/Hypertext_Markup_Language#cite_note-21&quot;&gt;21&lt;/a&gt;&lt;/span&gt;.&lt;/p&gt;\r\n&lt;p style=&quot;margin: 0.5em 0px; line-height: inherit; color: #222222; font-family: sans-serif;&quot;&gt;Avec l\'abandon du XHTML 2, la version XHTML 1.1 reste donc la version normalis&amp;eacute;e. Le HTML5 sera compatible avec le XHTML et le XML, et autorisera donc des documents XHTML5&lt;span id=&quot;cite_ref-faq_W3C_22-0&quot; class=&quot;reference&quot; style=&quot;line-height: 1; vertical-align: text-top; position: relative; font-size: 0.8em; top: -5px; padding-left: 1px; unicode-bidi: isolate; white-space: nowrap;&quot;&gt;&lt;a style=&quot;text-decoration-line: none; color: #0b0080; background: none;&quot; href=&quot;https://fr.wikipedia.org/wiki/Hypertext_Markup_Language#cite_note-faq_W3C-22&quot;&gt;22&lt;/a&gt;&lt;/span&gt;. Cependant, il est probable que le W3C s\'oriente vers un abandon pur et simple du XHTML 1.1, car l\'implantation du XML dans le HTML5 rend inutile la d&amp;eacute;finition de document de type XHTML&amp;nbsp;&lt;var&gt;y&lt;/var&gt;.&lt;var&gt;y&lt;/var&gt;&amp;nbsp;(o&amp;ugrave; y.y sont les num&amp;eacute;ros de version)&lt;span id=&quot;cite_ref-faq_W3C_22-1&quot; class=&quot;reference&quot; style=&quot;line-height: 1; vertical-align: text-top; position: relative; font-size: 0.8em; top: -5px; padding-left: 1px; unicode-bidi: isolate; white-space: nowrap;&quot;&gt;&lt;a style=&quot;text-decoration-line: none; color: #0b0080; background: none;&quot; href=&quot;https://fr.wikipedia.org/wiki/Hypertext_Markup_Language#cite_note-faq_W3C-22&quot;&gt;22&lt;/a&gt;&lt;/span&gt;.&lt;/p&gt;', 'Joffrey', '2018-01-16 10:22:14'),
(58, 'D&eacute;veloppeur web', 'Le m&eacute;tier', '&lt;p style=&quot;box-sizing: inherit; margin: 0px; padding: 0px; border: 0px; font-variant-numeric: inherit; font-variant-east-asian: inherit; font-stretch: inherit; font-size: 16px; line-height: 1.5; font-family: Lato, Arial; vertical-align: baseline; color: #525251;&quot;&gt;&amp;Agrave; partir du cahier des charges r&amp;eacute;dig&amp;eacute; par le chef de projet en fonction des d&amp;eacute;sirs du client, le&lt;strong style=&quot;box-sizing: inherit; margin: 0px; padding: 0px; border: 0px; font-style: inherit; font-variant: inherit; font-stretch: inherit; font-size: inherit; line-height: inherit; font-family: inherit; vertical-align: baseline;&quot;&gt;&amp;nbsp;d&amp;eacute;veloppeur web&lt;/strong&gt;&amp;nbsp;analyse les besoins, choisit la solution technique la mieux adapt&amp;eacute;e et d&amp;eacute;veloppe les fonctionnalit&amp;eacute;s du site ou de l\'application web. Pour cette derni&amp;egrave;re&amp;nbsp;&lt;strong style=&quot;box-sizing: inherit; margin: 0px; padding: 0px; border: 0px; font-style: inherit; font-variant: inherit; font-stretch: inherit; font-size: inherit; line-height: inherit; font-family: inherit; vertical-align: baseline;&quot;&gt;&amp;eacute;tape, il r&amp;eacute;dige des lignes de code.&lt;/strong&gt;&lt;/p&gt;\r\n&lt;p style=&quot;box-sizing: inherit; margin: 10px 0px 0px; padding: 0px; border: 0px; font-variant-numeric: inherit; font-variant-east-asian: inherit; font-stretch: inherit; font-size: 16px; line-height: 1.5; font-family: Lato, Arial; vertical-align: baseline; color: #525251;&quot;&gt;&lt;strong style=&quot;box-sizing: inherit; margin: 0px; padding: 0px; border: 0px; font-style: inherit; font-variant: inherit; font-stretch: inherit; font-size: inherit; line-height: inherit; font-family: inherit; vertical-align: baseline;&quot;&gt;Le d&amp;eacute;veloppeur web&amp;nbsp;&lt;/strong&gt;peut aussi apporter des solutions aux probl&amp;egrave;mes pr&amp;eacute;sents dans un site d&amp;eacute;j&amp;agrave; en ligne et d&amp;eacute;tect&amp;eacute;s par le client ou par les internautes. Dans ce cas, le d&amp;eacute;veloppeur proc&amp;egrave;de au diagnostic et &amp;agrave; la mise en ligne des corrections, sans interruption du fonctionnement du site.&lt;/p&gt;\r\n&lt;p style=&quot;box-sizing: inherit; margin: 10px 0px 0px; padding: 0px; border: 0px; font-variant-numeric: inherit; font-variant-east-asian: inherit; font-stretch: inherit; font-size: 16px; line-height: 1.5; font-family: Lato, Arial; vertical-align: baseline; color: #525251;&quot;&gt;Selon les termes du contrat, le d&amp;eacute;veloppeur effectue parfois la formation du client &amp;agrave; la r&amp;eacute;ception du site et/ou suivre, tout au long de la vie du site, le support technique con&amp;ccedil;u et r&amp;eacute;alis&amp;eacute; par lui. Autrement dit, un d&amp;eacute;veloppeur m&amp;egrave;ne souvent plusieurs types de r&amp;eacute;alisations &amp;agrave; la fois.&lt;/p&gt;\r\n&lt;p style=&quot;box-sizing: inherit; margin: 10px 0px 0px; padding: 0px; border: 0px; font-variant-numeric: inherit; font-variant-east-asian: inherit; font-stretch: inherit; font-size: 16px; line-height: 1.5; font-family: Lato, Arial; vertical-align: baseline; color: #525251;&quot;&gt;Parall&amp;egrave;lement &amp;agrave; cette activit&amp;eacute; principale, le d&amp;eacute;veloppeur web r&amp;eacute;alise des notices techniques d&amp;rsquo;installation et des guides destin&amp;eacute;s aux utilisateurs.&lt;/p&gt;\r\n&lt;p style=&quot;box-sizing: inherit; margin: 10px 0px 0px; padding: 0px; border: 0px; font-variant-numeric: inherit; font-variant-east-asian: inherit; font-stretch: inherit; font-size: 16px; line-height: 1.5; font-family: Lato, Arial; vertical-align: baseline; color: #525251;&quot;&gt;Pour exercer ce m&amp;eacute;tier, il faut &amp;ecirc;tre f&amp;eacute;ru d&amp;rsquo;informatique et ma&amp;icirc;triser les langages de d&amp;eacute;veloppement web (PHP, SQL, Java, ASP&amp;hellip;) ainsi que les CMS (syst&amp;egrave;mes de gestion de contenu) et autres frameworks.&lt;/p&gt;\r\n&lt;p style=&quot;box-sizing: inherit; margin: 10px 0px 0px; padding: 0px; border: 0px; font-variant-numeric: inherit; font-variant-east-asian: inherit; font-stretch: inherit; font-size: 16px; line-height: 1.5; font-family: Lato, Arial; vertical-align: baseline; color: #525251;&quot;&gt;Le&amp;nbsp;&lt;strong style=&quot;box-sizing: inherit; margin: 0px; padding: 0px; border: 0px; font-style: inherit; font-variant: inherit; font-stretch: inherit; font-size: inherit; line-height: inherit; font-family: inherit; vertical-align: baseline;&quot;&gt;d&amp;eacute;veloppeur web&amp;nbsp;&lt;/strong&gt;doit &amp;ecirc;tre polyvalent, autonome, respectueux des d&amp;eacute;lais et capable d&amp;rsquo;int&amp;eacute;grer de nouveaux concepts et langages de programmation dans un univers qui &amp;eacute;volue tr&amp;egrave;s rapidement.&lt;/p&gt;\r\n&lt;p style=&quot;box-sizing: inherit; margin: 10px 0px 0px; padding: 0px; border: 0px; font-variant-numeric: inherit; font-variant-east-asian: inherit; font-stretch: inherit; font-size: 16px; line-height: 1.5; font-family: Lato, Arial; vertical-align: baseline; color: #525251;&quot;&gt;Le m&amp;eacute;tier peut s\'exercer dans une agence web, une SSII (soci&amp;eacute;t&amp;eacute; de services en ing&amp;eacute;nierie informatique), en tant que salari&amp;eacute; ou en ind&amp;eacute;pendant, ou encore directement chez le client.&lt;/p&gt;', 'Joffrey', '2018-01-16 10:26:24');

-- --------------------------------------------------------

--
-- Structure de la table `t_articles_has_t_users`
--

CREATE TABLE `t_articles_has_t_users` (
  `T_ARTICLES_ID_ARTICLE` int(11) NOT NULL,
  `T_USERS_ID_USER` int(11) NOT NULL,
  `T_USERS_T_ROLES_ID_ROLE` int(11) NOT NULL
) ENGINE=InnoDB DEFAULT CHARSET=latin1;

--
-- Déchargement des données de la table `t_articles_has_t_users`
--

INSERT INTO `t_articles_has_t_users` (`T_ARTICLES_ID_ARTICLE`, `T_USERS_ID_USER`, `T_USERS_T_ROLES_ID_ROLE`) VALUES
(53, 1, 1),
(56, 1, 1),
(57, 1, 1),
(58, 1, 1);

-- --------------------------------------------------------

--
-- Structure de la table `t_categories`
--

CREATE TABLE `t_categories` (
  `ID_CATEGORIE` int(11) NOT NULL,
  `CATLIBELLE` varchar(45) NOT NULL
) ENGINE=InnoDB DEFAULT CHARSET=latin1;

-- --------------------------------------------------------

--
-- Structure de la table `t_categories_has_t_articles`
--

CREATE TABLE `t_categories_has_t_articles` (
  `T_CATEGORIES_ID_CATEGORIE` int(11) NOT NULL,
  `T_ARTICLES_ID_ARTICLE` int(11) NOT NULL
) ENGINE=InnoDB DEFAULT CHARSET=latin1;

-- --------------------------------------------------------

--
-- Structure de la table `t_roles`
--

CREATE TABLE `t_roles` (
  `ID_ROLE` int(11) NOT NULL,
  `ROLEDESI` varchar(45) NOT NULL,
  `ROLEDEF` varchar(45) DEFAULT NULL
) ENGINE=InnoDB DEFAULT CHARSET=latin1;

--
-- Déchargement des données de la table `t_roles`
--

INSERT INTO `t_roles` (`ID_ROLE`, `ROLEDESI`, `ROLEDEF`) VALUES
(1, 'Role_SuperAdmin', NULL),
(2, 'Role_Admin', NULL),
(3, 'Role_Moderateur', NULL),
(4, 'Role_Redacteur', NULL),
(5, 'Role_Utilisateur', NULL);

-- --------------------------------------------------------

--
-- Structure de la table `t_users`
--

CREATE TABLE `t_users` (
  `ID_USER` int(11) NOT NULL,
  `USERNAME` varchar(45) NOT NULL,
  `USERFNAME` varchar(45) CHARACTER SET utf8 DEFAULT NULL,
  `USERMAIL` varchar(255) NOT NULL,
  `USERPASSWORD` char(40) NOT NULL,
  `USERDATEINS` datetime DEFAULT NULL,
  `T_ROLES_ID_ROLE` int(11) NOT NULL
) ENGINE=InnoDB DEFAULT CHARSET=latin1;

--
-- Déchargement des données de la table `t_users`
--

INSERT INTO `t_users` (`ID_USER`, `USERNAME`, `USERFNAME`, `USERMAIL`, `USERPASSWORD`, `USERDATEINS`, `T_ROLES_ID_ROLE`) VALUES
(1, 'Lhermitte', 'Joffrey', '16978@csmrouen.net', '793b25e6906aef73022f41a5483c4abdb0277b12', NULL, 1),
(4, 'Revert', 'Romain', 'romain@gmail.com', '7c4a8d09ca3762af61e59520943dc26494f8941b', NULL, 2),
(5, 'Ratel', 'Hugo', 'ratelhugo@gmail.com', '7c4a8d09ca3762af61e59520943dc26494f8941b', NULL, 3),
(6, 'Alallah', 'Clement', 'clement@gmail.com', '7c4a8d09ca3762af61e59520943dc26494f8941b', NULL, 3),
(7, 'DaCosta', 'Theo', 'theo@gmail.com', '7c4a8d09ca3762af61e59520943dc26494f8941b', NULL, 3),
(8, 'Bosson', 'Gauthier', 'gauthier@gmail.com', '7c4a8d09ca3762af61e59520943dc26494f8941b', NULL, 2),
(9, 'Bacon', 'Terry', 'terry@gmail.com', '7c4a8d09ca3762af61e59520943dc26494f8941b', NULL, 5),
(10, 'Hego', 'Nathan', 'nathan@gmail.com', '7c4a8d09ca3762af61e59520943dc26494f8941b', NULL, 5),
(11, 'Noel', 'Frederic', 'frederic@gmail.com', '7c4a8d09ca3762af61e59520943dc26494f8941b', NULL, 5);

--
-- Index pour les tables déchargées
--

--
-- Index pour la table `t_articles`
--
ALTER TABLE `t_articles`
  ADD PRIMARY KEY (`ID_ARTICLE`);

--
-- Index pour la table `t_articles_has_t_users`
--
ALTER TABLE `t_articles_has_t_users`
  ADD PRIMARY KEY (`T_ARTICLES_ID_ARTICLE`,`T_USERS_ID_USER`,`T_USERS_T_ROLES_ID_ROLE`),
  ADD KEY `fk_T_ARTICLES_has_T_USERS_T_USERS1_idx` (`T_USERS_ID_USER`,`T_USERS_T_ROLES_ID_ROLE`),
  ADD KEY `fk_T_ARTICLES_has_T_USERS_T_ARTICLES1_idx` (`T_ARTICLES_ID_ARTICLE`);

--
-- Index pour la table `t_categories`
--
ALTER TABLE `t_categories`
  ADD PRIMARY KEY (`ID_CATEGORIE`);

--
-- Index pour la table `t_categories_has_t_articles`
--
ALTER TABLE `t_categories_has_t_articles`
  ADD PRIMARY KEY (`T_CATEGORIES_ID_CATEGORIE`,`T_ARTICLES_ID_ARTICLE`),
  ADD KEY `fk_T_CATEGORIES_has_T_ARTICLES_T_ARTICLES1_idx` (`T_ARTICLES_ID_ARTICLE`),
  ADD KEY `fk_T_CATEGORIES_has_T_ARTICLES_T_CATEGORIES1_idx` (`T_CATEGORIES_ID_CATEGORIE`);

--
-- Index pour la table `t_roles`
--
ALTER TABLE `t_roles`
  ADD PRIMARY KEY (`ID_ROLE`);

--
-- Index pour la table `t_users`
--
ALTER TABLE `t_users`
  ADD PRIMARY KEY (`ID_USER`,`T_ROLES_ID_ROLE`),
  ADD KEY `fk_T_USERS_T_ROLES_idx` (`T_ROLES_ID_ROLE`);

--
-- AUTO_INCREMENT pour les tables déchargées
--

--
-- AUTO_INCREMENT pour la table `t_articles`
--
ALTER TABLE `t_articles`
  MODIFY `ID_ARTICLE` int(11) NOT NULL AUTO_INCREMENT, AUTO_INCREMENT=59;

--
-- AUTO_INCREMENT pour la table `t_categories`
--
ALTER TABLE `t_categories`
  MODIFY `ID_CATEGORIE` int(11) NOT NULL AUTO_INCREMENT;

--
-- AUTO_INCREMENT pour la table `t_roles`
--
ALTER TABLE `t_roles`
  MODIFY `ID_ROLE` int(11) NOT NULL AUTO_INCREMENT, AUTO_INCREMENT=6;

--
-- AUTO_INCREMENT pour la table `t_users`
--
ALTER TABLE `t_users`
  MODIFY `ID_USER` int(11) NOT NULL AUTO_INCREMENT, AUTO_INCREMENT=12;

--
-- Contraintes pour les tables déchargées
--

--
-- Contraintes pour la table `t_articles_has_t_users`
--
ALTER TABLE `t_articles_has_t_users`
  ADD CONSTRAINT `fk_T_ARTICLES_has_T_USERS_T_ARTICLES1` FOREIGN KEY (`T_ARTICLES_ID_ARTICLE`) REFERENCES `t_articles` (`ID_ARTICLE`) ON DELETE NO ACTION ON UPDATE NO ACTION,
  ADD CONSTRAINT `fk_T_ARTICLES_has_T_USERS_T_USERS1` FOREIGN KEY (`T_USERS_ID_USER`,`T_USERS_T_ROLES_ID_ROLE`) REFERENCES `t_users` (`ID_USER`, `T_ROLES_ID_ROLE`) ON DELETE NO ACTION ON UPDATE NO ACTION;

--
-- Contraintes pour la table `t_categories_has_t_articles`
--
ALTER TABLE `t_categories_has_t_articles`
  ADD CONSTRAINT `fk_T_CATEGORIES_has_T_ARTICLES_T_ARTICLES1` FOREIGN KEY (`T_ARTICLES_ID_ARTICLE`) REFERENCES `t_articles` (`ID_ARTICLE`) ON DELETE NO ACTION ON UPDATE NO ACTION,
  ADD CONSTRAINT `fk_T_CATEGORIES_has_T_ARTICLES_T_CATEGORIES1` FOREIGN KEY (`T_CATEGORIES_ID_CATEGORIE`) REFERENCES `t_categories` (`ID_CATEGORIE`) ON DELETE NO ACTION ON UPDATE NO ACTION;

--
-- Contraintes pour la table `t_users`
--
ALTER TABLE `t_users`
  ADD CONSTRAINT `fk_T_USERS_T_ROLES` FOREIGN KEY (`T_ROLES_ID_ROLE`) REFERENCES `t_roles` (`ID_ROLE`) ON DELETE NO ACTION ON UPDATE NO ACTION;
COMMIT;

/*!40101 SET CHARACTER_SET_CLIENT=@OLD_CHARACTER_SET_CLIENT */;
/*!40101 SET CHARACTER_SET_RESULTS=@OLD_CHARACTER_SET_RESULTS */;
/*!40101 SET COLLATION_CONNECTION=@OLD_COLLATION_CONNECTION */;
